{"name":"DesTech Studio","short_name":"DesTech","description":"Seu site oficial para as últimas notícias e tutoriais de tecnologia.","id":"/","start_url":"/Destech-Studios/","display":"standalone","orientation":"portrait","background_color":"#000000","theme_color":"#000000","icons":[{"src":"images/icon-192.png","sizes":"192x192","type":"image/png"},{"src":"images/icon-512.png","sizes":"512x512","type":"image/png"}],"screenshots":[{"src":"images/screenshot-desktop.png","sizes":"1280x800","type":"image/png","form_factor":"wide","label":"Visão geral do desktop"},{"src":"images/screenshot-mobile.png","sizes":"640x1136","type":"image/png","form_factor":"narrow","label":"Visão geral do celular"}],"launch_handler":{"client_mode":["focus-existing","auto"]}}